Comment,Designator,Footprint,LCSC,MPN,Cantidad
22u 25V,"C1,C2",C_1206_3216Metric,,,2
100n,"C3,C6,C7,C12,C14,C16,C17",C_0603_1608Metric,,,7
10u 25V,"C4,C5,C24,C34,C44,C54",C_1206_3216Metric,,,6
22u 10V,"C8,C9,C10,C11,C13",C_1206_3216Metric,,,5
1u,C15,C_0603_1608Metric,,,1
10n,"C20,C30,C40,C50",C_0603_1608Metric,,,4
100n 16V,"C21,C31,C41,C51",C_0603_1608Metric,,,4
22n 50V,"C22,C32,C42,C52",C_0603_1608Metric,,,4
100n 50V,"C23,C33,C43,C53",C_0603_1608Metric,,,4
4.7u,C62,C_0805_2012Metric,,,1
SS34,"D1,D2",D_SMA,,,2
verde,D3,LED_0603_1608Metric,,,1
WS2812B-2020,D4,LED_WS2812B-2020_PLCC4_2.0x2.0mm,,,1
10A,F1,Fuse_2512_6332Metric,,Fusible rápido 2512 10 A,1
XT30 BATERÍA 2S,J1,AMASS_XT30UPB-M_1x02_P5.0mm_Vertical,,"AMASS XT30UPB-M (macho, vertical PCB)",1
USB-C,J2,USB_C_Receptacle_XKB_U262-16XN-4BVC11,,XKB U262-161N-4BVC11 (USB-C vertical),1
MOTOR 1,J3,SolderWire-0.5sqmm_1x02_P4.6mm_D0.9mm_OD2.1mm,,Cable del motor soldado (entra por abajo),1
MOTOR 2,J4,SolderWire-0.5sqmm_1x02_P4.6mm_D0.9mm_OD2.1mm,,Cable del motor soldado (entra por abajo),1
MOTOR 3,J5,SolderWire-0.5sqmm_1x02_P4.6mm_D0.9mm_OD2.1mm,,Cable del motor soldado (entra por abajo),1
MOTOR 4,J6,SolderWire-0.5sqmm_1x02_P4.6mm_D0.9mm_OD2.1mm,,Cable del motor soldado (entra por abajo),1
ToF IZQ,J7,JST_SH_BM05B-SRSS-TB_1x05-1MP_P1.00mm_Vertical,,JST SH 5P SMD vertical (BM05B-SRSS-TB),1
ToF FRONT-IZQ,J8,JST_SH_BM05B-SRSS-TB_1x05-1MP_P1.00mm_Vertical,,JST SH 5P SMD vertical (BM05B-SRSS-TB),1
ToF FRONTAL,J9,JST_SH_BM05B-SRSS-TB_1x05-1MP_P1.00mm_Vertical,,JST SH 5P SMD vertical (BM05B-SRSS-TB),1
ToF FRONT-DER,J10,JST_SH_BM05B-SRSS-TB_1x05-1MP_P1.00mm_Vertical,,JST SH 5P SMD vertical (BM05B-SRSS-TB),1
ToF DER,J11,JST_SH_BM05B-SRSS-TB_1x05-1MP_P1.00mm_Vertical,,JST SH 5P SMD vertical (BM05B-SRSS-TB),1
ToF TRASERO,J12,JST_SH_BM05B-SRSS-TB_1x05-1MP_P1.00mm_Vertical,,JST SH 5P SMD vertical (BM05B-SRSS-TB),1
LÍNEA FRONT-IZQ,J13,JST_SH_BM03B-SRSS-TB_1x03-1MP_P1.00mm_Vertical,,JST SH 3P SMD vertical (BM03B-SRSS-TB),1
LÍNEA FRONT-DER,J14,JST_SH_BM03B-SRSS-TB_1x03-1MP_P1.00mm_Vertical,,JST SH 3P SMD vertical (BM03B-SRSS-TB),1
LÍNEA TRAS-IZQ,J15,JST_SH_BM03B-SRSS-TB_1x03-1MP_P1.00mm_Vertical,,JST SH 3P SMD vertical (BM03B-SRSS-TB),1
LÍNEA TRAS-DER,J16,JST_SH_BM03B-SRSS-TB_1x03-1MP_P1.00mm_Vertical,,JST SH 3P SMD vertical (BM03B-SRSS-TB),1
IR START (VS1838B),J17,JST_SH_BM03B-SRSS-TB_1x03-1MP_P1.00mm_Vertical,,JST SH 3P SMD vertical (BM03B-SRSS-TB),1
I2C (QWIIC),J18,JST_SH_BM04B-SRSS-TB_1x04-1MP_P1.00mm_Vertical,,JST SH 4P SMD vertical (BM04B-SRSS-TB),1
AUX (UART/servo),J19,JST_SH_BM04B-SRSS-TB_1x04-1MP_P1.00mm_Vertical,,JST SH 4P SMD vertical (BM04B-SRSS-TB),1
3.3u,L1,L_Bourns-SRN4018,,"SRN4018-3R3M (3,3 µH, Isat ≥ 2,5 A)",1
AOD4185,Q1,TO-252-2,,"AOD4185 (-40 V, -40 A, 15 mΩ)",1
10k,"R1,R8,R12,R13,R14,R15,R16",R_0603_1608Metric,,,7
100k,"R3,R5,R17",R_0603_1608Metric,,,3
33k,R4,R_0603_1608Metric,,,1
51k,R6,R_0603_1608Metric,,,1
62k,R7,R_0603_1608Metric,,,1
1k,R9,R_0603_1608Metric,,,1
5.1k,"R10,R11",R_0603_1608Metric,,,2
1.5k,"R20,R30,R40,R50",R_0603_1608Metric,,,4
20k,"R21,R31,R41,R51",R_0603_1608Metric,,,4
2.2k,"R60,R61",R_0603_1608Metric,,,2
100,R62,R_0603_1608Metric,,,1
RESET,SW2,SW_Push_1P1T_NO_CK_KMR2,,,1
BOOT/USER,SW3,SW_Push_1P1T_NO_CK_KMR2,,,1
ESP32-S3-WROOM-1-N8R2,U1,ESP32-S3-WROOM-1,,ESP32-S3-WROOM-1-N8R2 (NO usar variantes R8: GPIO35-37),1
TPS563201,U2,SOT-23-6,,TPS563201DDCR,1
AMS1117-3.3,U3,SOT-223-3_TabPin2,,AMS1117-3.3,1
USBLC6-2SC6,U4,SOT-23-6,,,1
DRV8874,"U5,U6,U7,U8",HTSSOP-16-1EP_4.4x5mm_P0.65mm_EP3.4x5mm_Mask2.46x2.31mm,,DRV8874PWPR,4
